<?xml version="1.0" encoding="utf-8"?>
<Solution xmlns="http://schemas.microsoft.com/sharepoint/" SolutionId="6087864a-c8b1-4f55-93f2-4fb6696e75c3" SharePointProductVersion="14.0">
  <Assemblies>
    <Assembly Location="estruyf.MyLinks.dll" DeploymentTarget="GlobalAssemblyCache" />
  </Assemblies>
  <TemplateFiles>
    <TemplateFile Location="Layouts\estruyf.MyLinks\estruyf.mylinks.js" />
    <TemplateFile Location="Layouts\estruyf.MyLinks\estruyf.QuickLinksDialog.aspx" />
    <TemplateFile Location="Images\estruyf\estruyf.png" />
  </TemplateFiles>
  <FeatureManifests>
    <FeatureManifest Location="estruyf.MyLinks_estruy.MyLinks\Feature.xml" />
  </FeatureManifests>
</Solution>
