﻿<?xml version="1.0" encoding="utf-8"?>
<Solution xmlns="http://schemas.microsoft.com/sharepoint/" SolutionId="9dac8a5d-8fcf-4382-b806-c4495662837e" SharePointProductVersion="14.0">
  <Assemblies>
    <Assembly Location="estruyf.QuiesceFarm.dll" DeploymentTarget="GlobalAssemblyCache" />
  </Assemblies>
  <TemplateFiles>
    <TemplateFile Location="ADMIN\estruyf\QuiesceFarmPage.aspx" />
  </TemplateFiles>
  <FeatureManifests>
    <FeatureManifest Location="estruyf.QuiesceFarm_estruyf.Quiesce\Feature.xml" />
  </FeatureManifests>
</Solution>