<?xml version="1.0" encoding="utf-8"?>
<Solution xmlns="http://schemas.microsoft.com/sharepoint/" SolutionId="0afeba1e-bb20-484d-93e7-2226c52ea11e" SharePointProductVersion="14.0">
  <Assemblies>
    <Assembly Location="estruyf.SPDActivity.GetFileExtension.dll" DeploymentTarget="GlobalAssemblyCache" />
  </Assemblies>
  <TemplateFiles>
    <TemplateFile Location="1033\Workflow\GetFileExtension.actions" />
  </TemplateFiles>
  <FeatureManifests>
    <FeatureManifest Location="estruyf.SPDActivity.GetFileExtension_estruyf.WebConfig\Feature.xml" />
  </FeatureManifests>
</Solution>
