﻿<?xml version="1.0" encoding="utf-8"?>
<Solution xmlns="http://schemas.microsoft.com/sharepoint/" SolutionId="bdebdce5-d8b5-4079-a4bf-7bd4b25f60dd" SharePointProductVersion="14.0">
  <Assemblies>
    <Assembly Location="EStruyf.TodoWP.dll" DeploymentTarget="GlobalAssemblyCache">
      <SafeControls>
        <SafeControl Assembly="EStruyf.TodoWP, Version=1.0.0.0, Culture=neutral, PublicKeyToken=8bc6bd607b66458a" Namespace="EStruyf.TodoWP.SandboxedTodo" TypeName="*" />
      </SafeControls>
    </Assembly>
  </Assemblies>
  <FeatureManifests>
    <FeatureManifest Location="EStruyf.TodoWP_Feature1\Feature.xml" />
  </FeatureManifests>
</Solution>